Ano;Receita Líquida;Lucro Bruto;Lucro Líquido;EBITDA;EBIT;Custos e Despezas Opercacionais;Caixa e Equivalentes de Caixa;Dívida Bruta;Dívida Líquida;Fluxo de Caixa Operacional;Fluxo de Caixa Livre;Margem Bruta (%);Margem Líquida (%);ROA (%);ROE (%);Endividamento (%);VALE3 (Fim do Ano);VALE (Fim do Ano);XVALO (Fim do Ano);VALE3 Retorno;VALE Retorno;XVALO Retorno
2019;148.640;64.804;-8.697;19.675;4.924;143.716;29.627;59.843;26.887;47.282;32.5(R$ bi);43,60%;-5,85%;-2,40%;-4,00%;57,51%;R$ 53,30;US$ 13,20;€ 11,60;4,51%;2,04%;4,60%
2020;208.529;109.962;24.903;74.183;57.504;151.025;70.086;78.088;3.996;75.208;52.5(R$ bi);52,70%;11,94%;5,90%;15,40%;62,14%;R$ 87,45;US$ 16,76;€ 13,59;64,07%;32,02%;20,44%
2021;293.524;176.257;121.228;167.682;151.303;142.221;66.437;95.987;29.550;136.766;109.5(R$ bi);60,00%;41,33%;24,80%;64,10%;60,52%;R$ 77,96;US$ 14,02;€ 12,31;-10,85%;0,12%;7,97%
2022;226.508;102.313;95.924;102.033;85.647;140.861;25.031;80.548;55.517;58.201;30.0(R$ bi);45,20%;42,52%;20,20%;50,60%;57,01%;R$ 88,88;US$ 16,97;€ 15,45;14,01%;32,56%;35,49%
2023;208.066;88.050;39.940;92.671;77.371;130.695;17.724;81.316;63.592;65.905;36.5(R$ bi);42,30%;19,51%;8,90%;21,10%;56,50%;R$ 77,20;US$ 15,86;€ 13,84;-13,14%;1,42%;-4,16%
2024;206.005;74.687;31.592;74.287;58.049;147.956;31.002;109.739;78.737;50.199;15.1(R$ bi);36,30%;14,76%;6,40%;15,90%;56,94%;R$ 54,55;US$ 8,87;€ 8,60;-29,34;-38,87%;-32,07%
2025;213.595;74.708;13.814;77.638;60.575;153.020;41.629;115.860;74.231;48.765;15.4(R$ bi);35,00%;5,52%;2,40%;7,10%;60,32%;R$ 71,96;US$ 13,03;€ 11,35;31,92%;66,33%;45,92%
;;;;;;;;;;;;;;;;;;;;;;
;;;;;;;;;;;;;;;;;;;;;;
;;;;;;;;;;;;;;;;;;;;;;
;;;;;;;;;;;;;;;;;;;;;;
;;;;;;;;;;;;;;;;;;;;;;
;;;;;;;;;;;;;;;;;;;;;;
;;;;;;;;;;;;;;;;;;;;;;
;;;;;;;;;;;;;;;;;;;;;;
