Trimestre; Preço Realizado Ferro/t ; Preço Realizado Cobre/t ; Preço Realizado Níquel/t ; Minério de Ferro ; Cobre ; Níquel ; Média Trimestral Dólar (USD/BRL) 
1T19; $91,60 ; $12.571,00 ; $6.051,00 ; $82,70 ; $6.215,00 ; $12.365,00 ; $3,77 
2T19; $94,60 ; NaN ; NaN ; $100,30 ; $6.110,00 ; $12.230,00 ; $3,92 
3T19; $89,20 ; $14.859,00 ; $4.918,00 ; $102,10 ; $5.750,00 ; $15.540,00 ; $3,97 
4T19; $83,50 ; $16.251,00 ; $5.732,00 ; $88,60 ; $5.880,00 ; $15.450,00 ; $4,12 
1T20; $83,80 ; $14.434,00 ; $3.858,00 ; $89,00 ; $5.630,00 ; $12.710,00 ; $4,47 
2T20; $88,90 ; NaN ; NaN ; $93,50 ; $5.370,00 ; $12.210,00 ; $5,38 
3T20; $112,10 ; NaN ; NaN ; $118,20 ; $6.520,00 ; $14.210,00 ; $5,38 
4T20; $130,70 ; $17.387,00 ; $7.133,00 ; $133,70 ; $7.170,00 ; $15.930,00 ; $5,39 
1T21; $155,50 ; NaN ; NaN ; $166,90 ; $8.500,00 ; $17.570,00 ; $5,47 
2T21; $202,20 ; $17.183,00 ; $9.653,00 ; $200,00 ; $9.700,00 ; $17.350,00 ; $5,29 
3T21; $126,70 ; $18.211,00 ; $8.187,00 ; $163,00 ; $9.370,00 ; $19.120,00 ; $5,23 
4T21; $106,80 ; $19.088,00 ; $10.229,00 ; $109,80 ; $9.690,00 ; $19.820,00 ; $5,59 
1T22; $141,40 ; $22.195,00 ; $10.848,00 ; $141,60 ; $9.990,00 ; $31.000,00 ; $5,23 
2T22; $113,30 ; $26.221,00 ; $6.493,00 ; $137,90 ; $9.510,00 ; $28.900,00 ; $4,93 
3T22; $92,60 ; $21.672,00 ; $6.663,00 ; $103,30 ; $7.740,00 ; $22.060,00 ; $5,25 
4T22; $95,60 ; $24.454,00 ; $8.774,00 ; $99,00 ; $8.000,00 ; $25.290,00 ; $5,25 
1T23; $108,60 ; $25.260,00 ; $9.298,00 ; $125,50 ; $8.930,00 ; $26.080,00 ; $5,19 
2T23; $98,50 ; $23.070,00 ; $7.025,00 ; $111,00 ; $8.480,00 ; $22.400,00 ; $4,95 
3T23; $105,10 ; $21.237,00 ; $7.731,00 ; $114,00 ; $8.360,00 ; $20.300,00 ; $4,88 
4T23; $118,30 ; $18.420,00 ; $7.941,00 ; $128,00 ; $8.170,00 ; $17.260,00 ; $4,95 
1T24; $100,70 ; $16.848,00 ; $7.687,00 ; $123,00 ; $8.440,00 ; $16.600,00 ; $4,95 
2T24; $98,20 ; $18.638,00 ; $9.202,00 ; $112,00 ; $9.750,00 ; $18.600,00 ; $5,22 
3T24; $90,60 ; $17.012,00 ; $9.016,00 ; $99,50 ; $9.200,00 ; $16.300,00 ; $5,55 
4T24; $93,00 ; $16.167,00 ; $9.187,00 ; $98,00 ; $9.100,00 ; $16.000,00 ; $5,75 
1T25; $90,80 ; $16.106,00 ; $8.891,00 ; $105,20 ; $9.342,00 ; $16.200,00 ; $5,10 
2T25; $85,10 ; $15.800,00 ; $8.985,00 ; $99,10 ; $9.518,00 ; $16.400,00 ; $5,20 
3T25; $94,40 ; $15.445,00 ; $9.818,00 ; $103,60 ; $9.792,00 ; $16.500,00 ; $5,40 
4T25; $95,40 ; $15.015,00 ; $11.003,00 ; $106,90 ; $11.100,00 ; $16.700,00 ; $5,55 
1T26; $95,80 ; $17.015,00 ; $13.143,00 ; $105,30 ; $12.851,00 ; $16.800,00 ; $5,35 
2T26; $95,00 ; $18.061,00 ; $14.062,00 ; $108,30 ; $13.324,00 ; $16.850,00 ; $5,18 
